﻿<?xml version="1.0" encoding="utf-8"?>
<!--初始化数据 ， 无需加密-->
<InitData>
  <!--音量初始化数据-->
  <VolumeInit>
    <!--是否静音 , true or false-->
    <IsSlience>False</IsSlience>
    <!--音量的值-->
    <VolumeValue>1</VolumeValue>
  </VolumeInit>
  <MusicPlayMode>Circle</MusicPlayMode>
  <FTPInit>
    <UserName>C6-EF-44-ED-90-94-AD-94</UserName>
    <Passwords>31-C9-88-CA-CD-E2-00-46-CF-BA-F3-F7-69-0C-EC-E1-36-78-C1-FB-B0-F7-E5-C3</Passwords>
    <Ip>78-C2-7C-51-A5-EB-E9-08-09-1C-86-EF-AD-42-95-6E</Ip>
  </FTPInit>
  <MySqlInit>
    <UserName>C6-EF-44-ED-90-94-AD-94</UserName>
    <Passwords>7B-A9-F2-8C-8D-D2-B4-48-BF-1F-1F-87-58-D7-DE-C4</Passwords>
    <Ip>AB-D2-02-9E-33-E5-9A-E1-8D-BE-B3-B1-23-AA-1D-84</Ip>
  </MySqlInit>
</InitData>